USE SQL_Basic_Project;

-- Insert values into Customer table
insert into Customer (CustomerId, First_Name, Last_Name, Gender, DoB, ResAddress, Email, Mobile) values (1, 'Gram', 'Pollins', 'M', '2/21/1966', 'PO Box 11318', 'gpollins0@geocities.com', '8745662761');
insert into Customer (CustomerId, First_Name, Last_Name, Gender, DoB, ResAddress, Email, Mobile) values (2, 'Rodd', 'Swyndley', 'M', '6/2/1971', 'PO Box 93854', 'rswyndley1@skype.com', '5604740892');
insert into Customer (CustomerId, First_Name, Last_Name, Gender, DoB, ResAddress, Email, Mobile) values (3, 'Annabelle', 'Mansell', 'F', '3/18/1996', '12th Floor', 'amansell2@imdb.com', '3231024446');
insert into Customer (CustomerId, First_Name, Last_Name, Gender, DoB, ResAddress, Email, Mobile) values (4, 'Stepha', 'Purchase', 'F', '8/2/1986', 'Room 1808', 'spurchase3@loc.gov', '5554699000');
insert into Customer (CustomerId, First_Name, Last_Name, Gender, DoB, ResAddress, Email, Mobile) values (5, 'Layney', 'Smewin', 'F', '8/3/1984', 'Suite 92', 'lsmewin4@pcworld.com', '5799837370');
insert into Customer (CustomerId, First_Name, Last_Name, Gender, DoB, ResAddress, Email, Mobile) values (6, 'Austine', 'Carme', 'F', '7/1/1998', 'Apt 1674', 'acarme5@howstuffworks.com', '8904748022');
insert into Customer (CustomerId, First_Name, Last_Name, Gender, DoB, ResAddress, Email, Mobile) values (7, 'Rand', 'Keavy', 'M', '6/2/1989', 'Room 1376', 'rkeavy6@hubpages.com', '9225558815');
insert into Customer (CustomerId, First_Name, Last_Name, Gender, DoB, ResAddress, Email, Mobile) values (8, 'Stacee', 'Farnorth', 'F', '6/13/1974', 'Room 1883', 'sfarnorth7@apache.org', '5802669165');
insert into Customer (CustomerId, First_Name, Last_Name, Gender, DoB, ResAddress, Email, Mobile) values (9, 'Marybelle', 'Riggott', 'F', '11/23/1996', 'Apt 1054', 'mriggott8@drupal.org', '4653628642');
insert into Customer (CustomerId, First_Name, Last_Name, Gender, DoB, ResAddress, Email, Mobile) values (10, 'Verene', 'Jarret', 'F', '3/6/1975', 'Suite 15', 'vjarret9@hubpages.com', '8248252302');
insert into Customer (CustomerId, First_Name, Last_Name, Gender, DoB, ResAddress, Email, Mobile) values (11, 'Damaris', 'Crop', 'F', '5/16/1994', '9th Floor', 'dcropa@goodreads.com', '5531030348');
insert into Customer (CustomerId, First_Name, Last_Name, Gender, DoB, ResAddress, Email, Mobile) values (12, 'Perl', 'Thowes', 'F', '8/25/1977', 'Room 1960', 'pthowesb@pcworld.com', '1816285807');
insert into Customer (CustomerId, First_Name, Last_Name, Gender, DoB, ResAddress, Email, Mobile) values (13, 'Noella', 'Branscombe', 'F', '9/12/1978', 'PO Box 83783', 'nbranscombec@adobe.com', '8811365119');
insert into Customer (CustomerId, First_Name, Last_Name, Gender, DoB, ResAddress, Email, Mobile) values (14, 'Coretta', 'Walaron', 'F', '4/4/1985', 'Room 772', 'cwalarond@whitehouse.gov', '1945028477');
insert into Customer (CustomerId, First_Name, Last_Name, Gender, DoB, ResAddress, Email, Mobile) values (15, 'Lonna', 'Casoni', 'F', '7/30/2001', 'Apt 1546', 'lcasonie@soundcloud.com', '5621950332');
insert into Customer (CustomerId, First_Name, Last_Name, Gender, DoB, ResAddress, Email, Mobile) values (16, 'Hanni', 'Thewys', 'F', '6/10/1965', 'Apt 1176', 'hthewysf@globo.com', '6303233387');
insert into Customer (CustomerId, First_Name, Last_Name, Gender, DoB, ResAddress, Email, Mobile) values (17, 'Rockey', 'Bromet', 'M', '10/23/2000', 'PO Box 56040', 'rbrometg@sciencedirect.com', '9897429438');
insert into Customer (CustomerId, First_Name, Last_Name, Gender, DoB, ResAddress, Email, Mobile) values (18, 'Penelope', 'Irnis', 'F', '12/9/1993', 'Room 549', 'pirnish@dailymail.co.uk', '9301258400');
insert into Customer (CustomerId, First_Name, Last_Name, Gender, DoB, ResAddress, Email, Mobile) values (19, 'Gerhardt', 'Terris', 'M', '12/3/1979', 'Room 1435', 'gterrisi@archive.org', '2891030072');
insert into Customer (CustomerId, First_Name, Last_Name, Gender, DoB, ResAddress, Email, Mobile) values (20, 'Rodina', 'Fishpoole', 'F', '5/30/2002', 'Apt 1245', 'rfishpoolej@people.com.cn', '6168301352');
insert into Customer (CustomerId, First_Name, Last_Name, Gender, DoB, ResAddress, Email, Mobile) values (21, 'Culver', 'Ludwell', 'M', '1/25/1973', 'Suite 76', 'cludwellk@uiuc.edu', '4706767309');
insert into Customer (CustomerId, First_Name, Last_Name, Gender, DoB, ResAddress, Email, Mobile) values (22, 'Reamonn', 'Dalling', 'M', '10/18/1986', 'PO Box 87484', 'rdallingl@google.com.au', '2993597031');
insert into Customer (CustomerId, First_Name, Last_Name, Gender, DoB, ResAddress, Email, Mobile) values (23, 'Orren', 'Blandamere', 'M', '12/22/1978', 'Apt 41', 'oblandamerem@de.vu', '1116506555');
insert into Customer (CustomerId, First_Name, Last_Name, Gender, DoB, ResAddress, Email, Mobile) values (24, 'Kamila', 'LLelweln', 'F', '8/1/1967', 'PO Box 25701', 'kllelwelnn@ucsd.edu', '3006174002');
insert into Customer (CustomerId, First_Name, Last_Name, Gender, DoB, ResAddress, Email, Mobile) values (25, 'See', 'Dingsdale', 'M', '1/1/1972', 'PO Box 54614', 'sdingsdaleo@indiegogo.com', '7745469711');
insert into Customer (CustomerId, First_Name, Last_Name, Gender, DoB, ResAddress, Email, Mobile) values (26, 'Judon', 'Matuszkiewicz', 'M', '1/31/1975', 'Suite 55', 'jmatuszkiewiczp@timesonline.co.uk', '5761113842');
insert into Customer (CustomerId, First_Name, Last_Name, Gender, DoB, ResAddress, Email, Mobile) values (27, 'Zachery', 'Tiley', 'M', '8/29/1973', 'PO Box 94612', 'ztileyq@foxnews.com', '4419024701');
insert into Customer (CustomerId, First_Name, Last_Name, Gender, DoB, ResAddress, Email, Mobile) values (28, 'Yardley', 'Lowne', 'M', '10/20/1977', '8th Floor', 'ylowner@usgs.gov', '2398889065');
insert into Customer (CustomerId, First_Name, Last_Name, Gender, DoB, ResAddress, Email, Mobile) values (29, 'Lenee', 'Gregoretti', 'F', '2/6/1993', '14th Floor', 'lgregorettis@smh.com.au', '2725017290');
insert into Customer (CustomerId, First_Name, Last_Name, Gender, DoB, ResAddress, Email, Mobile) values (30, 'Allin', 'Degg', 'M', '9/15/1974', 'Apt 1551', 'adeggt@bizjournals.com', '2856893413');
insert into Customer (CustomerId, First_Name, Last_Name, Gender, DoB, ResAddress, Email, Mobile) values (31, 'Karlis', 'Glassup', 'M', '4/4/1992', '7th Floor', 'kglassupu@plala.or.jp', '4775422964');
insert into Customer (CustomerId, First_Name, Last_Name, Gender, DoB, ResAddress, Email, Mobile) values (32, 'Pet', 'Crofthwaite', 'F', '2/24/1975', '15th Floor', 'pcrofthwaitev@ucla.edu', '5667696515');
insert into Customer (CustomerId, First_Name, Last_Name, Gender, DoB, ResAddress, Email, Mobile) values (33, 'Aldis', 'Sommerlin', 'M', '6/2/1998', 'PO Box 23180', 'asommerlinw@sphinn.com', '7575798390');
insert into Customer (CustomerId, First_Name, Last_Name, Gender, DoB, ResAddress, Email, Mobile) values (34, 'Wanids', 'O''Hegertie', 'F', '11/13/1992', 'Apt 385', 'wohegertiex@ca.gov', '3083212187');
insert into Customer (CustomerId, First_Name, Last_Name, Gender, DoB, ResAddress, Email, Mobile) values (35, 'Zachary', 'Smallpiece', 'M', '12/11/1989', '7th Floor', 'zsmallpiecey@ihg.com', '1336170452');
insert into Customer (CustomerId, First_Name, Last_Name, Gender, DoB, ResAddress, Email, Mobile) values (36, 'Kylie', 'Grzegorczyk', 'M', '3/13/2001', 'PO Box 10272', 'kgrzegorczykz@bloomberg.com', '8137920458');
insert into Customer (CustomerId, First_Name, Last_Name, Gender, DoB, ResAddress, Email, Mobile) values (37, 'Martyn', 'Biaggiotti', 'M', '11/16/1986', 'Suite 3', 'mbiaggiotti10@reuters.com', '4366180175');
insert into Customer (CustomerId, First_Name, Last_Name, Gender, DoB, ResAddress, Email, Mobile) values (38, 'Leigh', 'Evangelinos', 'F', '2/22/1995', 'PO Box 38999', 'levangelinos11@weebly.com', '8613874782');
insert into Customer (CustomerId, First_Name, Last_Name, Gender, DoB, ResAddress, Email, Mobile) values (39, 'Andi', 'Leng', 'F', '1/26/1999', 'Suite 97', 'aleng12@wunderground.com', '5523114596');
insert into Customer (CustomerId, First_Name, Last_Name, Gender, DoB, ResAddress, Email, Mobile) values (40, 'Sheryl', 'Ackrill', 'F', '1/3/1998', 'PO Box 64580', 'sackrill13@bandcamp.com', '3059484512');
insert into Customer (CustomerId, First_Name, Last_Name, Gender, DoB, ResAddress, Email, Mobile) values (41, 'Skip', 'Tait', 'M', '5/20/2000', 'PO Box 52765', 'stait14@behance.net', '4571070938');
insert into Customer (CustomerId, First_Name, Last_Name, Gender, DoB, ResAddress, Email, Mobile) values (42, 'Wilbert', 'Blazeby', 'M', '1/20/1976', 'PO Box 52063', 'wblazeby15@wufoo.com', '4402813659');
insert into Customer (CustomerId, First_Name, Last_Name, Gender, DoB, ResAddress, Email, Mobile) values (43, 'Blondie', 'Drohun', 'F', '11/14/1980', 'Apt 1464', 'bdrohun16@cam.ac.uk', '6283111152');
insert into Customer (CustomerId, First_Name, Last_Name, Gender, DoB, ResAddress, Email, Mobile) values (44, 'Britney', 'Gallier', 'F', '5/1/2000', '13th Floor', 'bgallier17@wikispaces.com', '1496467128');
insert into Customer (CustomerId, First_Name, Last_Name, Gender, DoB, ResAddress, Email, Mobile) values (45, 'Alli', 'Banham', 'F', '1/5/1993', '14th Floor', 'abanham18@blogs.com', '4641573061');
insert into Customer (CustomerId, First_Name, Last_Name, Gender, DoB, ResAddress, Email, Mobile) values (46, 'Shirley', 'Caselli', 'F', '3/8/1971', 'PO Box 54372', 'scaselli19@google.ru', '7817990787');
insert into Customer (CustomerId, First_Name, Last_Name, Gender, DoB, ResAddress, Email, Mobile) values (47, 'Alvira', 'Visco', 'F', '10/12/1997', 'Room 788', 'avisco1a@berkeley.edu', '5102173738');
insert into Customer (CustomerId, First_Name, Last_Name, Gender, DoB, ResAddress, Email, Mobile) values (48, 'Chicky', 'Defty', 'M', '11/5/2001', 'Apt 1930', 'cdefty1b@blinklist.com', '3116712100');
insert into Customer (CustomerId, First_Name, Last_Name, Gender, DoB, ResAddress, Email, Mobile) values (49, 'Nicola', 'Eassom', 'M', '5/9/1993', 'Suite 54', 'neassom1c@nifty.com', '3544348263');
insert into Customer (CustomerId, First_Name, Last_Name, Gender, DoB, ResAddress, Email, Mobile) values (50, 'Bradford', 'Lyffe', 'M', '1/26/1993', 'Room 1676', 'blyffe1d@google.co.uk', '2845753443');
insert into Customer (CustomerId, First_Name, Last_Name, Gender, DoB, ResAddress, Email, Mobile) values (51, 'Roseanna', 'Thys', 'F', '1/26/1993', 'Room 1772', 'rthys1e@tiny.cc', '6513356646');
insert into Customer (CustomerId, First_Name, Last_Name, Gender, DoB, ResAddress, Email, Mobile) values (52, 'Talbert', 'Grigoletti', 'M', '2/18/1974', 'PO Box 57483', 'tgrigoletti1f@over-blog.com', '7791852596');
insert into Customer (CustomerId, First_Name, Last_Name, Gender, DoB, ResAddress, Email, Mobile) values (53, 'Robenia', 'Chadwin', 'F', '2/25/1991', '5th Floor', 'rchadwin1g@ifeng.com', '7386968405');
insert into Customer (CustomerId, First_Name, Last_Name, Gender, DoB, ResAddress, Email, Mobile) values (54, 'Eadmund', 'Lundon', 'M', '11/30/1976', 'Apt 83', 'elundon1h@amazonaws.com', '6604903396');
insert into Customer (CustomerId, First_Name, Last_Name, Gender, DoB, ResAddress, Email, Mobile) values (55, 'Garvy', 'Swadon', 'M', '6/5/1993', 'PO Box 39629', 'gswadon1i@phoca.cz', '4794088402');
insert into Customer (CustomerId, First_Name, Last_Name, Gender, DoB, ResAddress, Email, Mobile) values (56, 'Stanwood', 'Danelutti', 'M', '1/7/1992', '15th Floor', 'sdanelutti1j@t-online.de', '5388889634');
insert into Customer (CustomerId, First_Name, Last_Name, Gender, DoB, ResAddress, Email, Mobile) values (57, 'Shawn', 'Wabe', 'M', '1/9/1978', 'Room 1586', 'swabe1k@histats.com', '2839887671');
insert into Customer (CustomerId, First_Name, Last_Name, Gender, DoB, ResAddress, Email, Mobile) values (58, 'Seamus', 'Belchamp', 'M', '8/31/1996', 'Room 464', 'sbelchamp1l@apache.org', '9242228637');
insert into Customer (CustomerId, First_Name, Last_Name, Gender, DoB, ResAddress, Email, Mobile) values (59, 'Kizzie', 'Siddons', 'F', '6/24/1984', 'Suite 59', 'ksiddons1m@cbslocal.com', '9505072271');
insert into Customer (CustomerId, First_Name, Last_Name, Gender, DoB, ResAddress, Email, Mobile) values (60, 'Davon', 'Hussell', 'M', '3/22/1989', '6th Floor', 'dhussell1n@ucoz.ru', '7024706163');
insert into Customer (CustomerId, First_Name, Last_Name, Gender, DoB, ResAddress, Email, Mobile) values (61, 'Tarra', 'Baldry', 'F', '3/15/1968', 'PO Box 17525', 'tbaldry1o@mozilla.org', '7485173495');
insert into Customer (CustomerId, First_Name, Last_Name, Gender, DoB, ResAddress, Email, Mobile) values (62, 'Bobbe', 'Slad', 'F', '3/1/2000', 'Room 1961', 'bslad1p@ft.com', '8979884348');
insert into Customer (CustomerId, First_Name, Last_Name, Gender, DoB, ResAddress, Email, Mobile) values (63, 'Town', 'Cohan', 'M', '12/3/1978', 'Room 1029', 'tcohan1q@sohu.com', '9712113225');
insert into Customer (CustomerId, First_Name, Last_Name, Gender, DoB, ResAddress, Email, Mobile) values (64, 'Betteann', 'Haseman', 'F', '10/2/2004', 'Apt 1416', 'bhaseman1r@oaic.gov.au', '7745209257');
insert into Customer (CustomerId, First_Name, Last_Name, Gender, DoB, ResAddress, Email, Mobile) values (65, 'Yuri', 'Pariso', 'M', '4/9/1971', 'Apt 1870', 'ypariso1s@prweb.com', '6177364603');
insert into Customer (CustomerId, First_Name, Last_Name, Gender, DoB, ResAddress, Email, Mobile) values (66, 'Lorrayne', 'Duncklee', 'F', '7/18/2004', 'Apt 738', 'lduncklee1t@gov.uk', '6247275436');
insert into Customer (CustomerId, First_Name, Last_Name, Gender, DoB, ResAddress, Email, Mobile) values (67, 'Rudy', 'O''Hannigan', 'M', '10/23/1992', '3rd Floor', 'rohannigan1u@spotify.com', '9041473254');
insert into Customer (CustomerId, First_Name, Last_Name, Gender, DoB, ResAddress, Email, Mobile) values (68, 'Hephzibah', 'Hawkswood', 'F', '7/9/1976', '19th Floor', 'hhawkswood1v@arizona.edu', '9678096379');
insert into Customer (CustomerId, First_Name, Last_Name, Gender, DoB, ResAddress, Email, Mobile) values (69, 'Scot', 'McLeman', 'M', '6/26/1984', 'Suite 23', 'smcleman1w@tinyurl.com', '8934379805');
insert into Customer (CustomerId, First_Name, Last_Name, Gender, DoB, ResAddress, Email, Mobile) values (70, 'Pebrook', 'Botfield', 'M', '6/28/1980', '8th Floor', 'pbotfield1x@earthlink.net', '4104823938');
insert into Customer (CustomerId, First_Name, Last_Name, Gender, DoB, ResAddress, Email, Mobile) values (71, 'Alyson', 'Bruckman', 'F', '10/27/1982', 'Suite 72', 'abruckman1y@blogger.com', '8898031881');
insert into Customer (CustomerId, First_Name, Last_Name, Gender, DoB, ResAddress, Email, Mobile) values (72, 'Denny', 'McGilbon', 'M', '8/10/1968', '13th Floor', 'dmcgilbon1z@yolasite.com', '3865653813');
insert into Customer (CustomerId, First_Name, Last_Name, Gender, DoB, ResAddress, Email, Mobile) values (73, 'Maud', 'Filov', 'F', '12/12/2003', 'Suite 42', 'mfilov20@blogs.com', '5668054762');
insert into Customer (CustomerId, First_Name, Last_Name, Gender, DoB, ResAddress, Email, Mobile) values (74, 'Rozanna', 'Van Oort', 'F', '1/17/1997', '10th Floor', 'rvanoort21@gizmodo.com', '3123776966');
insert into Customer (CustomerId, First_Name, Last_Name, Gender, DoB, ResAddress, Email, Mobile) values (75, 'Tillie', 'Iacovozzo', 'F', '10/16/1974', '19th Floor', 'tiacovozzo22@google.com', '5756419848');
insert into Customer (CustomerId, First_Name, Last_Name, Gender, DoB, ResAddress, Email, Mobile) values (76, 'Ozzie', 'Mettetal', 'M', '1/29/2003', 'PO Box 47406', 'omettetal23@github.com', '5282851676');
insert into Customer (CustomerId, First_Name, Last_Name, Gender, DoB, ResAddress, Email, Mobile) values (77, 'Jacynth', 'Murrhaupt', 'F', '8/21/2000', '18th Floor', 'jmurrhaupt24@desdev.cn', '3174127258');
insert into Customer (CustomerId, First_Name, Last_Name, Gender, DoB, ResAddress, Email, Mobile) values (78, 'Godart', 'Arnow', 'M', '1/26/1990', 'Room 1749', 'garnow25@fastcompany.com', '5386744310');
insert into Customer (CustomerId, First_Name, Last_Name, Gender, DoB, ResAddress, Email, Mobile) values (79, 'Dorise', 'Wyldes', 'F', '8/18/1985', 'Room 1066', 'dwyldes26@angelfire.com', '9578004436');
insert into Customer (CustomerId, First_Name, Last_Name, Gender, DoB, ResAddress, Email, Mobile) values (80, 'Nell', 'Ney', 'F', '2/7/1988', 'PO Box 54917', 'nney27@google.co.uk', '4761170238');
insert into Customer (CustomerId, First_Name, Last_Name, Gender, DoB, ResAddress, Email, Mobile) values (81, 'Sibeal', 'Monsey', 'F', '3/30/1977', 'PO Box 91247', 'smonsey28@google.pl', '5045827401');
insert into Customer (CustomerId, First_Name, Last_Name, Gender, DoB, ResAddress, Email, Mobile) values (82, 'Millie', 'Donaho', 'F', '4/29/1986', 'PO Box 53622', 'mdonaho29@spotify.com', '9746742346');
insert into Customer (CustomerId, First_Name, Last_Name, Gender, DoB, ResAddress, Email, Mobile) values (83, 'Giustino', 'Rockwell', 'M', '12/5/1982', 'Room 733', 'grockwell2a@liveinternet.ru', '8925637427');
insert into Customer (CustomerId, First_Name, Last_Name, Gender, DoB, ResAddress, Email, Mobile) values (84, 'Romola', 'Buckenham', 'F', '6/8/1981', 'Suite 17', 'rbuckenham2b@zimbio.com', '5687948346');
insert into Customer (CustomerId, First_Name, Last_Name, Gender, DoB, ResAddress, Email, Mobile) values (85, 'Ofilia', 'Rableau', 'F', '11/7/1994', 'Apt 1738', 'orableau2c@scientificamerican.com', '1681190118');
insert into Customer (CustomerId, First_Name, Last_Name, Gender, DoB, ResAddress, Email, Mobile) values (86, 'Byron', 'Queste', 'M', '7/22/1983', 'PO Box 48412', 'bqueste2d@gov.uk', '8812199121');
insert into Customer (CustomerId, First_Name, Last_Name, Gender, DoB, ResAddress, Email, Mobile) values (87, 'Clerc', 'Itzkovsky', 'M', '6/3/2002', 'PO Box 32818', 'citzkovsky2e@cbsnews.com', '1287130657');
insert into Customer (CustomerId, First_Name, Last_Name, Gender, DoB, ResAddress, Email, Mobile) values (88, 'Doy', 'Okeshott', 'M', '7/11/1972', '8th Floor', 'dokeshott2f@dion.ne.jp', '4322956399');
insert into Customer (CustomerId, First_Name, Last_Name, Gender, DoB, ResAddress, Email, Mobile) values (89, 'Tiffi', 'Waiting', 'F', '6/3/1985', 'Suite 45', 'twaiting2g@com.com', '9366876505');
insert into Customer (CustomerId, First_Name, Last_Name, Gender, DoB, ResAddress, Email, Mobile) values (90, 'Maryellen', 'Frazer', 'F', '1/28/1981', 'Room 1548', 'mfrazer2h@fotki.com', '1185662687');
insert into Customer (CustomerId, First_Name, Last_Name, Gender, DoB, ResAddress, Email, Mobile) values (91, 'Odette', 'Maes', 'F', '10/23/1976', 'Apt 1542', 'omaes2i@smugmug.com', '5325466221');
insert into Customer (CustomerId, First_Name, Last_Name, Gender, DoB, ResAddress, Email, Mobile) values (92, 'Forester', 'Horsell', 'M', '8/9/1974', 'Suite 64', 'fhorsell2j@wikia.com', '1057476183');
insert into Customer (CustomerId, First_Name, Last_Name, Gender, DoB, ResAddress, Email, Mobile) values (93, 'Perl', 'Canter', 'F', '4/17/1986', 'PO Box 52948', 'pcanter2k@hexun.com', '2418562000');
insert into Customer (CustomerId, First_Name, Last_Name, Gender, DoB, ResAddress, Email, Mobile) values (94, 'Roselle', 'Bang', 'F', '6/25/1979', 'Apt 1023', 'rbang2l@disqus.com', '9565763928');
insert into Customer (CustomerId, First_Name, Last_Name, Gender, DoB, ResAddress, Email, Mobile) values (95, 'Nate', 'Havock', 'M', '12/24/1968', 'Apt 1674', 'nhavock2m@sourceforge.net', '5866591089');
insert into Customer (CustomerId, First_Name, Last_Name, Gender, DoB, ResAddress, Email, Mobile) values (96, 'Buffy', 'Culvey', 'F', '1/31/1978', 'Room 1272', 'bculvey2n@zdnet.com', '4906571891');
insert into Customer (CustomerId, First_Name, Last_Name, Gender, DoB, ResAddress, Email, Mobile) values (97, 'Essie', 'Berridge', 'F', '6/19/1998', 'Suite 11', 'eberridge2o@liveinternet.ru', '8252955759');
insert into Customer (CustomerId, First_Name, Last_Name, Gender, DoB, ResAddress, Email, Mobile) values (98, 'Darius', 'Janauschek', 'M', '9/12/1968', 'PO Box 75972', 'djanauschek2p@furl.net', '7032400322');
insert into Customer (CustomerId, First_Name, Last_Name, Gender, DoB, ResAddress, Email, Mobile) values (99, 'Marvin', 'Cockman', 'M', '7/23/1982', 'Suite 85', 'mcockman2q@linkedin.com', '2227199696');
insert into Customer (CustomerId, First_Name, Last_Name, Gender, DoB, ResAddress, Email, Mobile) values (100, 'Leeann', 'Fleury', 'F', '8/30/1998', 'Apt 1045', 'lfleury2r@com.com', '9074951803');


-- Insert values into Employee table
insert into Employee (EmployeeId, Emp_First_Name, Emp_Last_Name, Emp_Gender, Emp_DoB, Emp_ResAddress, Emp_Email, Emp_Job_Role, Emp_Status_ID) values (1, 'Goraud', 'Myott', 'M', '7/12/1966', 'Apt 1086', 'gmyott0@theglobeandmail.com', 'Manager', 1);
insert into Employee (EmployeeId, Emp_First_Name, Emp_Last_Name, Emp_Gender, Emp_DoB, Emp_ResAddress, Emp_Email, Emp_Job_Role, Emp_Status_ID) values (2, 'Lucien', 'Searl', 'M', '8/3/1971', 'Room 1703', 'lsearl1@geocities.jp', 'Manager', 1);
insert into Employee (EmployeeId, Emp_First_Name, Emp_Last_Name, Emp_Gender, Emp_DoB, Emp_ResAddress, Emp_Email, Emp_Job_Role, Emp_Status_ID) values (3, 'Nappie', 'Dows', 'M', '10/23/1985', 'Room 936', 'ndows2@instagram.com', 'Manager', 2);
insert into Employee (EmployeeId, Emp_First_Name, Emp_Last_Name, Emp_Gender, Emp_DoB, Emp_ResAddress, Emp_Email, Emp_Job_Role, Emp_Status_ID) values (4, 'Margaretta', 'Sparway', 'F', '1/12/1997', 'Apt 345', 'msparway3@gizmodo.com', 'Manager', 2);
insert into Employee (EmployeeId, Emp_First_Name, Emp_Last_Name, Emp_Gender, Emp_DoB, Emp_ResAddress, Emp_Email, Emp_Job_Role, Emp_Status_ID) values (5, 'Tanner', 'Tomaszewicz', 'M', '7/14/1971', 'Room 1759', 'ttomaszewicz4@mapy.cz', 'Manager', 3);
insert into Employee (EmployeeId, Emp_First_Name, Emp_Last_Name, Emp_Gender, Emp_DoB, Emp_ResAddress, Emp_Email, Emp_Job_Role, Emp_Status_ID) values (6, 'Hollie', 'Boothby', 'F', '8/9/1968', 'PO Box 10159', 'hboothby5@umn.edu', 'Agent', 1);
insert into Employee (EmployeeId, Emp_First_Name, Emp_Last_Name, Emp_Gender, Emp_DoB, Emp_ResAddress, Emp_Email, Emp_Job_Role, Emp_Status_ID) values (7, 'Spencer', 'McKeeman', 'M', '4/8/1979', 'Room 1866', 'smckeeman6@paginegialle.it', 'Agent', 1);
insert into Employee (EmployeeId, Emp_First_Name, Emp_Last_Name, Emp_Gender, Emp_DoB, Emp_ResAddress, Emp_Email, Emp_Job_Role, Emp_Status_ID) values (8, 'Mikaela', 'Seden', 'F', '8/25/1988', 'Apt 589', 'mseden7@booking.com', 'Agent', 1);
insert into Employee (EmployeeId, Emp_First_Name, Emp_Last_Name, Emp_Gender, Emp_DoB, Emp_ResAddress, Emp_Email, Emp_Job_Role, Emp_Status_ID) values (9, 'Osmond', 'Probetts', 'M', '11/8/1969', 'Room 428', 'oprobetts8@reference.com', 'Agent', 1);
insert into Employee (EmployeeId, Emp_First_Name, Emp_Last_Name, Emp_Gender, Emp_DoB, Emp_ResAddress, Emp_Email, Emp_Job_Role, Emp_Status_ID) values (10, 'Jonathan', 'Karby', 'M', '5/18/1966', 'Apt 348', 'jkarby9@nyu.edu', 'Agent', 1);
insert into Employee (EmployeeId, Emp_First_Name, Emp_Last_Name, Emp_Gender, Emp_DoB, Emp_ResAddress, Emp_Email, Emp_Job_Role, Emp_Status_ID) values (11, 'Benton', 'O''Rudden', 'M', '7/3/2002', 'Apt 662', 'boruddena@nsw.gov.au', 'Agent', 2);
insert into Employee (EmployeeId, Emp_First_Name, Emp_Last_Name, Emp_Gender, Emp_DoB, Emp_ResAddress, Emp_Email, Emp_Job_Role, Emp_Status_ID) values (12, 'Viola', 'Lutsch', 'F', '6/2/1968', 'Suite 24', 'vlutschb@geocities.com', 'Agent', 2);
insert into Employee (EmployeeId, Emp_First_Name, Emp_Last_Name, Emp_Gender, Emp_DoB, Emp_ResAddress, Emp_Email, Emp_Job_Role, Emp_Status_ID) values (13, 'Dyanne', 'Van Daalen', 'F', '11/2/1965', 'PO Box 42797', 'dvandaalenc@scientificamerican.com', 'Agent', 2);
insert into Employee (EmployeeId, Emp_First_Name, Emp_Last_Name, Emp_Gender, Emp_DoB, Emp_ResAddress, Emp_Email, Emp_Job_Role, Emp_Status_ID) values (14, 'Kristy', 'Leader', 'F', '11/5/1985', 'Room 1203', 'kleaderd@vkontakte.ru', 'Agent', 2);
insert into Employee (EmployeeId, Emp_First_Name, Emp_Last_Name, Emp_Gender, Emp_DoB, Emp_ResAddress, Emp_Email, Emp_Job_Role, Emp_Status_ID) values (15, 'Galen', 'Lowfill', 'M', '5/13/1992', 'Suite 54', 'glowfille@stanford.edu', 'Agent', 2);
insert into Employee (EmployeeId, Emp_First_Name, Emp_Last_Name, Emp_Gender, Emp_DoB, Emp_ResAddress, Emp_Email, Emp_Job_Role, Emp_Status_ID) values (16, 'Zebulen', 'Hallworth', 'M', '7/6/1970', 'PO Box 2320', 'zhallworthf@w3.org', 'Agent', 3);
insert into Employee (EmployeeId, Emp_First_Name, Emp_Last_Name, Emp_Gender, Emp_DoB, Emp_ResAddress, Emp_Email, Emp_Job_Role, Emp_Status_ID) values (17, 'Suellen', 'Shippard', 'F', '11/28/1997', 'Room 377', 'sshippardg@cnet.com', 'Agent', 3);
insert into Employee (EmployeeId, Emp_First_Name, Emp_Last_Name, Emp_Gender, Emp_DoB, Emp_ResAddress, Emp_Email, Emp_Job_Role, Emp_Status_ID) values (18, 'Anett', 'Polden', 'F', '1/27/1984', 'Apt 152', 'apoldenh@youtube.com', 'Agent', 3);
insert into Employee (EmployeeId, Emp_First_Name, Emp_Last_Name, Emp_Gender, Emp_DoB, Emp_ResAddress, Emp_Email, Emp_Job_Role, Emp_Status_ID) values (19, 'Beverley', 'Moorwood', 'F', '8/2/1969', '18th Floor', 'bmoorwoodi@businessinsider.com', 'Agent', 2);
insert into Employee (EmployeeId, Emp_First_Name, Emp_Last_Name, Emp_Gender, Emp_DoB, Emp_ResAddress, Emp_Email, Emp_Job_Role, Emp_Status_ID) values (20, 'Penelope', 'Ollerenshaw', 'F', '5/21/1993', 'Suite 29', 'pollerenshawj@sohu.com', 'Expert', 1);
insert into Employee (EmployeeId, Emp_First_Name, Emp_Last_Name, Emp_Gender, Emp_DoB, Emp_ResAddress, Emp_Email, Emp_Job_Role, Emp_Status_ID) values (21, 'Lorain', 'Rowatt', 'F', '11/7/2002', '19th Floor', 'lrowattk@ox.ac.uk', 'Expert', 1);
insert into Employee (EmployeeId, Emp_First_Name, Emp_Last_Name, Emp_Gender, Emp_DoB, Emp_ResAddress, Emp_Email, Emp_Job_Role, Emp_Status_ID) values (22, 'Leeland', 'Burton', 'M', '3/15/1975', '7th Floor', 'lburtonl@yahoo.com', 'Expert', 1);
insert into Employee (EmployeeId, Emp_First_Name, Emp_Last_Name, Emp_Gender, Emp_DoB, Emp_ResAddress, Emp_Email, Emp_Job_Role, Emp_Status_ID) values (23, 'Odie', 'Jeffers', 'M', '4/6/2005', 'Suite 65', 'ojeffersm@msn.com', 'Expert', 2);
insert into Employee (EmployeeId, Emp_First_Name, Emp_Last_Name, Emp_Gender, Emp_DoB, Emp_ResAddress, Emp_Email, Emp_Job_Role, Emp_Status_ID) values (24, 'Priscella', 'Chiene', 'F', '1/17/1966', 'PO Box 5266', 'pchienen@a8.net', 'Expert', 2);
insert into Employee (EmployeeId, Emp_First_Name, Emp_Last_Name, Emp_Gender, Emp_DoB, Emp_ResAddress, Emp_Email, Emp_Job_Role, Emp_Status_ID) values (25, 'Essy', 'Maude', 'F', '2/1/1969', 'Suite 69', 'emaudeo@studiopress.com', 'Expert', 2);
insert into Employee (EmployeeId, Emp_First_Name, Emp_Last_Name, Emp_Gender, Emp_DoB, Emp_ResAddress, Emp_Email, Emp_Job_Role, Emp_Status_ID) values (26, 'Thayne', 'Manes', 'M', '8/5/2004', 'Apt 200', 'tmanesp@mail.ru', 'Expert', 2);
insert into Employee (EmployeeId, Emp_First_Name, Emp_Last_Name, Emp_Gender, Emp_DoB, Emp_ResAddress, Emp_Email, Emp_Job_Role, Emp_Status_ID) values (27, 'Sonnie', 'Moss', 'M', '10/29/1968', 'PO Box 69809', 'smossq@dedecms.com', 'Expert', 3);
insert into Employee (EmployeeId, Emp_First_Name, Emp_Last_Name, Emp_Gender, Emp_DoB, Emp_ResAddress, Emp_Email, Emp_Job_Role, Emp_Status_ID) values (28, 'Olga', 'Rimington', 'F', '8/7/2003', 'Apt 1395', 'orimingtonr@archive.org', 'Expert', 3);
insert into Employee (EmployeeId, Emp_First_Name, Emp_Last_Name, Emp_Gender, Emp_DoB, Emp_ResAddress, Emp_Email, Emp_Job_Role, Emp_Status_ID) values (29, 'Cati', 'Bonnavant', 'F', '5/25/1980', 'PO Box 83005', 'cbonnavants@quantcast.com', 'Expert', 3);
insert into Employee (EmployeeId, Emp_First_Name, Emp_Last_Name, Emp_Gender, Emp_DoB, Emp_ResAddress, Emp_Email, Emp_Job_Role, Emp_Status_ID) values (30, 'Gareth', 'Scinelli', 'M', '8/23/1994', 'Apt 349', 'gscinellit@com.com', 'Expert', 3);


-- Insert values into Employee_Status table

insert into Employee_Status ( Employee_Status_ID, Employee_Status) values ( 1, 'Available');
insert into Employee_Status ( Employee_Status_ID, Employee_Status) values ( 2, 'Busy');
insert into Employee_Status ( Employee_Status_ID, Employee_Status) values ( 3, 'Offline');


-- Insert values into Query table
insert into Query (QueryId, Query_Category, Query_Channel, Query_Creation_Time, Query_TAT, EmployeeID, CustomerID, Query_Status_ID) values (1, 'Other', 'Chat', '2023-03-15 18:45:50', null, 10, 32, 2);
insert into Query (QueryId, Query_Category, Query_Channel, Query_Creation_Time, Query_TAT, EmployeeID, CustomerID, Query_Status_ID) values (2, 'Other', 'Chat', '2023-01-11 03:26:18', null, 26, 86, 2);
insert into Query (QueryId, Query_Category, Query_Channel, Query_Creation_Time, Query_TAT, EmployeeID, CustomerID, Query_Status_ID) values (3, 'Payment', 'Email', '2023-03-23 00:38:15', null, 30, 99, 2);
insert into Query (QueryId, Query_Category, Query_Channel, Query_Creation_Time, Query_TAT, EmployeeID, CustomerID, Query_Status_ID) values (4, 'Order', 'Call', '2023-01-26 09:34:13', null, 4, 52, 2);
insert into Query (QueryId, Query_Category, Query_Channel, Query_Creation_Time, Query_TAT, EmployeeID, CustomerID, Query_Status_ID) values (5, 'Delivery', 'Call', '2023-01-17 22:18:28', '2023-01-17 22:22:17', 23, 71, 4);
insert into Query (QueryId, Query_Category, Query_Channel, Query_Creation_Time, Query_TAT, EmployeeID, CustomerID, Query_Status_ID) values (6, 'Payment', 'Email', '2023-01-01 01:02:06', '2023-01-01 10:00:24', 24, 1, 4);
insert into Query (QueryId, Query_Category, Query_Channel, Query_Creation_Time, Query_TAT, EmployeeID, CustomerID, Query_Status_ID) values (7, 'Payment', 'Social Media', '2023-01-03 04:52:45', '2023-01-03 05:15:24', 7, 65, 4);
insert into Query (QueryId, Query_Category, Query_Channel, Query_Creation_Time, Query_TAT, EmployeeID, CustomerID, Query_Status_ID) values (8, 'Order', 'Email', '2023-01-25 09:33:01', null, 17, 71, 1);
insert into Query (QueryId, Query_Category, Query_Channel, Query_Creation_Time, Query_TAT, EmployeeID, CustomerID, Query_Status_ID) values (9, 'Other', 'Social Media', '2023-01-18 19:07:59', null, 22, 33, 2);
insert into Query (QueryId, Query_Category, Query_Channel, Query_Creation_Time, Query_TAT, EmployeeID, CustomerID, Query_Status_ID) values (10, 'Other', 'Chat', '2023-01-20 22:34:17', null, 5, 65, 2);
insert into Query (QueryId, Query_Category, Query_Channel, Query_Creation_Time, Query_TAT, EmployeeID, CustomerID, Query_Status_ID) values (11, 'Returns and Refund', 'Email', '2023-01-16 21:22:27', null, 29, 8, 1);
insert into Query (QueryId, Query_Category, Query_Channel, Query_Creation_Time, Query_TAT, EmployeeID, CustomerID, Query_Status_ID) values (12, 'Returns and Refund', 'Call', '2023-02-16 06:06:57', null, 10, 17, 3);
insert into Query (QueryId, Query_Category, Query_Channel, Query_Creation_Time, Query_TAT, EmployeeID, CustomerID, Query_Status_ID) values (13, 'Delivery', 'Chat', '2023-02-08 23:40:29', null, 3, 39, 3);
insert into Query (QueryId, Query_Category, Query_Channel, Query_Creation_Time, Query_TAT, EmployeeID, CustomerID, Query_Status_ID) values (14, 'Other', 'Chat', '2023-03-26 23:57:11', '2023-03-27 00:01:12', 29, 58, 4);
insert into Query (QueryId, Query_Category, Query_Channel, Query_Creation_Time, Query_TAT, EmployeeID, CustomerID, Query_Status_ID) values (15, 'Other', 'Chat', '2023-04-26 00:32:34',null, 25, 1, 1);
insert into Query (QueryId, Query_Category, Query_Channel, Query_Creation_Time, Query_TAT, EmployeeID, CustomerID, Query_Status_ID) values (16, 'Delivery', 'Social Media', '2023-04-24 10:41:52', '2023-04-24 11:21:48', 2, 27, 4);
insert into Query (QueryId, Query_Category, Query_Channel, Query_Creation_Time, Query_TAT, EmployeeID, CustomerID, Query_Status_ID) values (17, 'Order', 'Email', '2023-02-27 13:40:13',null, 5, 65, 1);
insert into Query (QueryId, Query_Category, Query_Channel, Query_Creation_Time, Query_TAT, EmployeeID, CustomerID, Query_Status_ID) values (18, 'Payment', 'Call', '2023-03-28 04:16:01', null, 9, 17, 1);
insert into Query (QueryId, Query_Category, Query_Channel, Query_Creation_Time, Query_TAT, EmployeeID, CustomerID, Query_Status_ID) values (19, 'Other', 'Chat', '2023-01-05 17:22:42', null, 15, 27, 3);
insert into Query (QueryId, Query_Category, Query_Channel, Query_Creation_Time, Query_TAT, EmployeeID, CustomerID, Query_Status_ID) values (20, 'Returns and Refund', 'Social Media', '2023-01-19 01:45:07', '2023-01-19 02:32:27', 28, 22, 4);
insert into Query (QueryId, Query_Category, Query_Channel, Query_Creation_Time, Query_TAT, EmployeeID, CustomerID, Query_Status_ID) values (21, 'Returns and Refund', 'Email', '2023-01-15 15:24:09', null, 15, 29, 3);
insert into Query (QueryId, Query_Category, Query_Channel, Query_Creation_Time, Query_TAT, EmployeeID, CustomerID, Query_Status_ID) values (22, 'Returns and Refund', 'Call', '2023-02-15 12:19:16', null, 9, 2, 3);
insert into Query (QueryId, Query_Category, Query_Channel, Query_Creation_Time, Query_TAT, EmployeeID, CustomerID, Query_Status_ID) values (23, 'Other', 'Chat', '2023-03-18 13:50:31', '2023-03-18 13:54:12', 19, 40, 4);
insert into Query (QueryId, Query_Category, Query_Channel, Query_Creation_Time, Query_TAT, EmployeeID, CustomerID, Query_Status_ID) values (24, 'Delivery', 'Call', '2023-05-01 01:14:08', null, 27, 7, 3);
insert into Query (QueryId, Query_Category, Query_Channel, Query_Creation_Time, Query_TAT, EmployeeID, CustomerID, Query_Status_ID) values (25, 'Payment', 'Call', '2023-02-22 10:09:11', null, 24, 3, 1);
insert into Query (QueryId, Query_Category, Query_Channel, Query_Creation_Time, Query_TAT, EmployeeID, CustomerID, Query_Status_ID) values (26, 'Order', 'Call', '2023-03-26 05:42:37', null, 10, 46, 2);
insert into Query (QueryId, Query_Category, Query_Channel, Query_Creation_Time, Query_TAT, EmployeeID, CustomerID, Query_Status_ID) values (27, 'Payment', 'Email', '2023-01-13 10:26:38', null, 23, 68, 2);
insert into Query (QueryId, Query_Category, Query_Channel, Query_Creation_Time, Query_TAT, EmployeeID, CustomerID, Query_Status_ID) values (28, 'Delivery', 'Email', '2023-02-11 20:45:12', null, 2, 45, 1);
insert into Query (QueryId, Query_Category, Query_Channel, Query_Creation_Time, Query_TAT, EmployeeID, CustomerID, Query_Status_ID) values (29, 'Other', 'Social Media', '2023-01-29 23:04:34', '2023-01-30 00:03:16', 27, 71, 4);
insert into Query (QueryId, Query_Category, Query_Channel, Query_Creation_Time, Query_TAT, EmployeeID, CustomerID, Query_Status_ID) values (30, 'Returns and Refund', 'Email', '2023-03-16 03:46:27', null, 12, 93, 1);
insert into Query (QueryId, Query_Category, Query_Channel, Query_Creation_Time, Query_TAT, EmployeeID, CustomerID, Query_Status_ID) values (31, 'Other', 'Social Media', '2023-03-26 05:20:33', null, 3, 26, 3);
insert into Query (QueryId, Query_Category, Query_Channel, Query_Creation_Time, Query_TAT, EmployeeID, CustomerID, Query_Status_ID) values (32, 'Returns and Refund', 'Email', '2023-04-18 00:04:55', null, 21, 9, 2);
insert into Query (QueryId, Query_Category, Query_Channel, Query_Creation_Time, Query_TAT, EmployeeID, CustomerID, Query_Status_ID) values (33, 'Other', 'Email', '2023-03-02 08:44:11', null, 25, 26, 2);
insert into Query (QueryId, Query_Category, Query_Channel, Query_Creation_Time, Query_TAT, EmployeeID, CustomerID, Query_Status_ID) values (34, 'Order', 'Email', '2023-03-07 18:29:11', '2023-03-07 20:16:14', 6, 43, 4);
insert into Query (QueryId, Query_Category, Query_Channel, Query_Creation_Time, Query_TAT, EmployeeID, CustomerID, Query_Status_ID) values (35, 'Returns and Refund', 'Chat', '2023-03-13 16:38:28', null, 24, 46, 1);
insert into Query (QueryId, Query_Category, Query_Channel, Query_Creation_Time, Query_TAT, EmployeeID, CustomerID, Query_Status_ID) values (36, 'Order', 'Chat', '2023-05-04 04:51:50', null, 21, 9, 3);
insert into Query (QueryId, Query_Category, Query_Channel, Query_Creation_Time, Query_TAT, EmployeeID, CustomerID, Query_Status_ID) values (37, 'Payment', 'Social Media', '2023-01-21 08:18:02', null, 26, 86, 1);
insert into Query (QueryId, Query_Category, Query_Channel, Query_Creation_Time, Query_TAT, EmployeeID, CustomerID, Query_Status_ID) values (38, 'Order', 'Chat', '2023-03-30 19:50:19', '2023-03-30 19:53:10', 15, 32, 4);
insert into Query (QueryId, Query_Category, Query_Channel, Query_Creation_Time, Query_TAT, EmployeeID, CustomerID, Query_Status_ID) values (39, 'Returns and Refund', 'Social Media', '2023-04-07 16:24:25', '2023-04-07 17:05:21', 22, 93, 4);
insert into Query (QueryId, Query_Category, Query_Channel, Query_Creation_Time, Query_TAT, EmployeeID, CustomerID, Query_Status_ID) values (40, 'Payment', 'Chat', '2023-02-03 23:11:32', null, 3, 93, 2);
insert into Query (QueryId, Query_Category, Query_Channel, Query_Creation_Time, Query_TAT, EmployeeID, CustomerID, Query_Status_ID) values (41, 'Order', 'Chat', '2023-02-08 05:00:21', null, 29, 45, 3);
insert into Query (QueryId, Query_Category, Query_Channel, Query_Creation_Time, Query_TAT, EmployeeID, CustomerID, Query_Status_ID) values (42, 'Payment', 'Call', '2023-04-08 11:28:54', null, 28, 7, 3);
insert into Query (QueryId, Query_Category, Query_Channel, Query_Creation_Time, Query_TAT, EmployeeID, CustomerID, Query_Status_ID) values (43, 'Other', 'Social Media', '2023-01-23 19:49:43', null, 29, 40, 3);
insert into Query (QueryId, Query_Category, Query_Channel, Query_Creation_Time, Query_TAT, EmployeeID, CustomerID, Query_Status_ID) values (44, 'Order', 'Social Media', '2023-02-11 19:00:09', '2023-02-11 19:19:39', 16, 84, 4);
insert into Query (QueryId, Query_Category, Query_Channel, Query_Creation_Time, Query_TAT, EmployeeID, CustomerID, Query_Status_ID) values (45, 'Payment', 'Chat', '2023-02-28 23:46:18', null, 1, 17, 3);
insert into Query (QueryId, Query_Category, Query_Channel, Query_Creation_Time, Query_TAT, EmployeeID, CustomerID, Query_Status_ID) values (46, 'Delivery', 'Chat', '2023-01-15 11:18:34', '2023-01-15 11:24:02', 27, 16, 4);
insert into Query (QueryId, Query_Category, Query_Channel, Query_Creation_Time, Query_TAT, EmployeeID, CustomerID, Query_Status_ID) values (47, 'Payment', 'Email', '2023-04-25 09:36:20', null, 21, 6, 2);
insert into Query (QueryId, Query_Category, Query_Channel, Query_Creation_Time, Query_TAT, EmployeeID, CustomerID, Query_Status_ID) values (48, 'Order', 'Chat', '2023-05-01 10:42:37', null, 10, 7, 1);
insert into Query (QueryId, Query_Category, Query_Channel, Query_Creation_Time, Query_TAT, EmployeeID, CustomerID, Query_Status_ID) values (49, 'Other', 'Chat', '2023-03-28 00:57:06', '2023-03-28 00:59:08', 5, 95, 4);
insert into Query (QueryId, Query_Category, Query_Channel, Query_Creation_Time, Query_TAT, EmployeeID, CustomerID, Query_Status_ID) values (50, 'Delivery', 'Chat', '2023-04-04 19:00:16', null, 21, 78, 3);


-- Insert values into Query_Status table
insert into Query_Status ( Query_Status_ID, Query_Status) values ( 1, 'Open');
insert into Query_Status ( Query_Status_ID, Query_Status) values ( 2, 'In Progress');
insert into Query_Status ( Query_Status_ID, Query_Status) values ( 3, 'Resolved');
insert into Query_Status ( Query_Status_ID, Query_Status) values ( 4, 'Closed');

